tenure,transaction_count
22.0,5.3125
18.0,5.48
4.0,5.529761904761905
10.0,5.564971751412429
14.0,5.5683060109289615
8.0,5.608695652173913
5.0,5.62051282051282
13.0,5.624277456647399
11.0,5.649484536082475
20.0,5.659090909090909
2.0,5.661538461538462
16.0,5.675531914893617
9.0,5.718390804597701
3.0,5.767605633802817
21.0,5.851063829787234
7.0,5.862068965517241
1.0,5.879194630872483
6.0,5.882716049382716
17.0,5.933734939759036
12.0,5.955056179775281
19.0,5.978571428571429
15.0,5.9869281045751634
